JAX.SNP.ID,chr,position_build.36,129S1SvlmJ,A/J,AKR/J,BALB/cByJ,BTBRT+tf/J,BUB/BnJ,C3H/HeJ,C57BL/6J,C57BR/cdJ,C58/J,CBA/J,CE/J,CZECHII/EiJ,DBA/2J,FVB/NJ,I/LnJ,KK/HIJ,LG/J,LP/J,MA/MyJ,MRL/MpJ,NOD/ShiLtJ,NON/LtJ,NOR/LtJ,NZB/BINJ,NZO/HILtJ,NZW/LacJ,PERA/EiJ,P/J,PL/J,PWD/PhJ,RIIIS/J,SEA/GnJ,SJL/J,SM/J,SWR/J,WSB/EiJ
JAX00090630,chr2,3011992,G,A,A,A,A,A,A,A,A,A,A,A,G,A,G,A,G,A,G,G,A,A,A,A,A,G,G,A,A,A,G,A,A,A,A,A,A
JAX00482027,chr2,3044402,C,C,C,C,C,C,C,C,C,C,C,C,T,C,C,C,C,C,C,C,C,C,C,C,C,C,C,C,C,C,T,C,C,C,C,C,C
JAX00482030,chr2,3078411,T,C,C,C,C,C,C,C,C,C,C,C,N,C,C,C,T,C,T,T,C,C,C,C,C,T,T,C,C,C,H,C,C,T,C,C,C
JAX00482031,chr2,3079164,A,A,A,A,A,A,A,A,A,A,A,A,A,A,A,A,A,A,A,G,A,A,A,A,A,G,G,A,A,A,A,A,A,A,A,A,A
JAX00482033,chr2,3079360,T,C,C,C,C,C,C,C,C,C,C,C,C,C,C,C,T,C,T,C,C,C,C,C,C,C,C,C,C,C,C,C,C,T,C,C,C
JAX00482034,chr2,3079405,A,A,A,A,A,A,A,A,A,A,A,A,A,A,G,A,A,A,A,A,A,A,A,A,A,A,A,A,A,A,A,A,A,A,G,A,A
JAX00090634,chr2,3079648,A,T,T,T,T,T,T,T,T,T,T,T,T,T,T,T,A,T,A,T,T,T,T,T,T,T,T,T,T,T,T,T,T,A,T,T,T
JAX00482037,chr2,3082590,T,T,T,T,T,T,T,T,T,T,T,T,G,T,T,T,T,T,T,G,T,T,T,T,T,G,G,T,T,T,G,T,T,T,T,T,T
JAX00482038,chr2,3082615,C,C,C,C,C,C,C,C,C,C,C,C,T,C,C,C,C,C,C,N,C,C,C,C,C,T,T,C,C,C,T,C,C,C,C,C,C
JAX00482039,chr2,3084624,A,A,A,A,T,T,T,T,T,T,T,T,T,T,T,T,A,A,A,A,T,T,T,T,T,A,A,T,A,A,T,T,A,A,T,T,T
JAX00482040,chr2,3086868,C,C,C,C,C,C,C,C,C,C,C,C,G,C,C,C,C,C,C,C,C,C,C,C,C,C,C,C,C,C,G,C,C,C,C,C,C
JAX00482042,chr2,3087721,A,A,A,A,A,A,A,A,A,A,A,A,A,A,G,A,A,A,A,A,A,A,A,A,A,A,A,A,A,A,A,A,A,A,G,A,A
JAX00482043,chr2,3088213,C,C,C,C,G,G,G,G,G,G,G,G,G,G,G,G,C,C,C,C,G,G,G,G,G,C,C,G,C,C,G,G,C,C,G,G,G
JAX00482044,chr2,3088306,C,C,C,C,T,T,T,T,T,T,T,T,C,T,C,T,C,C,C,C,T,T,T,T,T,C,C,T,C,C,C,T,C,C,C,T,T
JAX00090635,chr2,3098508,A,A,A,A,G,G,G,G,G,G,G,G,G,G,G,G,A,A,A,A,G,G,G,G,G,A,A,G,A,A,G,G,A,A,G,G,A
JAX00090636,chr2,3098565,G,G,G,G,A,A,A,A,A,A,A,A,G,A,A,A,G,G,G,G,A,A,A,A,A,G,G,A,G,G,A,A,G,G,A,A,G
JAX00090637,chr2,3101056,T,T,T,T,G,G,G,G,G,G,G,G,G,G,G,G,T,T,T,T,G,G,G,G,G,T,T,G,T,T,G,G,T,T,G,G,T
JAX00215381,chr2,3110893,C,C,C,C,C,C,C,C,C,C,C,C,T,C,C,C,C,C,C,C,C,C,C,C,C,C,C,C,C,C,T,C,C,C,C,C,C
JAX00482046,chr2,3136258,G,A,A,A,A,A,A,A,A,A,A,A,A,A,A,A,G,A,G,G,A,A,A,A,A,G,G,A,A,A,N,A,A,G,A,A,G
JAX00090638,chr2,3139860,A,G,G,G,G,G,G,G,G,G,G,G,G,G,G,G,A,G,A,A,G,G,G,G,G,A,A,G,G,G,G,G,G,A,G,G,A
JAX00090639,chr2,3147989,G,A,A,A,A,A,A,A,A,A,A,A,G,A,A,A,G,A,G,G,A,A,A,A,A,G,G,A,A,A,G,A,A,G,A,A,G
JAX00482048,chr2,3148448,A,A,A,A,A,A,A,A,A,A,A,A,C,A,A,A,A,A,A,A,A,A,A,A,A,A,A,A,A,A,C,A,A,A,A,A,A
JAX00090640,chr2,3150659,C,G,G,G,G,G,G,G,G,G,G,G,N,G,G,G,C,G,C,C,G,G,G,G,G,C,C,G,G,G,N,G,G,C,G,G,C
JAX00482050,chr2,3151518,C,C,C,C,C,C,C,C,C,C,C,C,T,C,C,C,C,C,C,C,C,C,C,C,C,C,C,C,C,C,T,C,C,C,C,C,C
JAX00090641,chr2,3172687,G,A,A,A,A,A,A,A,A,A,A,A,G,A,A,A,G,A,G,G,A,A,A,A,A,G,G,A,A,A,G,A,A,G,A,A,G
JAX00090642,chr2,3182632,G,A,A,A,A,A,A,A,A,A,A,A,A,A,A,A,G,A,G,G,A,A,A,A,A,G,G,A,A,A,A,A,A,G,A,A,G
JAX00482057,chr2,3208896,A,A,A,A,A,A,A,A,A,A,A,A,G,A,A,A,A,A,A,A,A,A,A,A,A,A,A,A,A,A,G,A,A,A,A,A,A
JAX00482059,chr2,3211584,T,C,C,C,C,C,C,C,C,C,C,C,C,C,C,C,T,C,T,T,C,C,C,C,C,T,T,C,C,C,C,C,C,T,C,C,T
JAX00090644,chr2,3213388,A,G,G,G,G,G,G,G,G,G,G,G,A,G,G,G,A,G,A,A,G,G,G,G,G,A,A,G,G,G,A,G,G,A,G,G,A
JAX00482061,chr2,3213999,G,G,G,G,G,G,G,G,G,G,G,G,A,G,G,G,G,G,G,G,G,G,G,G,G,G,G,G,G,G,A,G,G,G,G,G,G
JAX00090646,chr2,3216244,A,G,G,G,G,G,G,G,G,G,G,G,A,G,G,G,A,G,A,A,G,G,G,G,G,A,A,G,G,G,A,G,G,A,G,G,A
JAX00482062,chr2,3216295,G,G,G,G,G,G,G,G,G,G,G,G,A,G,G,G,G,G,G,G,G,G,G,G,G,G,G,G,G,G,A,G,G,G,G,G,G
JAX00090648,chr2,3259753,T,G,G,G,G,G,G,G,G,G,G,G,G,G,G,G,T,G,T,T,G,G,G,G,G,T,T,G,G,G,G,G,G,T,G,G,T
JAX00090649,chr2,3272977,A,G,G,G,G,G,G,G,G,G,G,G,H,G,G,G,A,G,A,A,G,G,G,G,G,A,A,G,G,G,H,G,G,A,G,G,A
JAX00482063,chr2,3279248,G,A,A,A,A,A,A,A,A,A,A,A,G,A,A,A,G,A,G,G,A,A,A,A,A,G,G,A,A,A,G,A,A,G,A,A,G
JAX00482066,chr2,3280765,G,G,G,G,G,G,G,G,G,G,G,G,G,G,G,G,G,G,G,A,G,G,G,G,G,A,A,G,G,G,G,G,G,G,G,G,G
JAX00090650,chr2,3285529,C,A,A,A,A,A,A,A,A,A,A,A,C,A,A,A,C,A,C,C,A,A,A,A,A,C,C,A,A,A,C,A,A,C,A,A,C
JAX00090652,chr2,3311972,G,A,A,A,A,A,A,A,A,A,A,A,G,A,A,A,G,A,G,G,A,A,A,A,A,G,G,A,A,A,G,A,A,G,G,A,A
JAX00090653,chr2,3324543,A,G,G,G,G,G,G,G,G,G,G,G,H,G,G,G,A,G,A,G,G,G,G,G,G,G,G,G,G,G,H,G,G,A,A,G,G
JAX00482070,chr2,3324883,G,A,A,A,A,A,A,A,A,A,A,A,G,A,A,A,G,A,G,A,A,A,A,A,A,A,A,A,A,A,G,A,A,G,G,A,A
JAX00482071,chr2,3326647,C,C,C,C,C,C,C,C,C,C,C,C,T,C,C,C,C,C,C,C,C,C,C,C,C,C,C,C,C,C,T,C,C,C,C,C,C
JAX00482073,chr2,3328989,T,C,C,C,C,C,C,C,C,C,C,C,C,C,C,C,T,C,T,H,C,C,C,C,C,H,H,C,C,C,C,C,C,T,T,C,C
JAX00482079,chr2,3333564,T,A,A,A,A,A,A,A,A,A,A,A,A,A,A,A,T,A,T,T,A,A,A,A,A,T,T,A,A,A,A,A,A,T,T,A,A
JAX00090654,chr2,3337544,T,C,C,C,C,C,C,C,C,C,C,C,T,C,C,C,T,C,T,T,C,C,C,C,C,T,T,C,C,C,T,C,C,T,T,C,C
JAX00482080,chr2,3343769,C,C,C,C,C,C,C,C,C,C,C,C,A,C,C,C,C,C,C,A,C,C,C,C,C,A,A,C,C,C,A,C,C,C,C,C,C
JAX00090655,chr2,3348108,G,C,C,C,C,C,C,C,C,C,C,C,G,C,C,C,G,C,G,G,C,C,C,C,C,G,G,C,C,C,G,C,C,G,G,C,C
JAX00482082,chr2,3367029,G,A,A,A,A,A,A,A,A,A,A,A,G,A,A,A,G,A,G,A,A,A,A,A,A,A,A,A,A,A,G,A,A,G,G,A,A
JAX00482084,chr2,3367117,A,A,A,A,A,A,A,A,A,A,A,A,G,A,A,A,A,A,A,A,A,A,A,A,A,A,A,A,A,A,G,A,A,A,A,A,A
JAX00482085,chr2,3367813,C,C,C,C,C,C,C,C,C,C,C,C,T,C,C,C,C,C,C,T,C,C,C,C,C,T,T,C,C,C,T,C,C,C,C,C,C
JAX00482086,chr2,3372889,C,C,C,C,C,C,C,C,C,C,C,C,C,C,C,C,C,C,C,N,C,C,C,C,C,T,T,C,C,C,C,C,C,C,C,C,C
JAX00090656,chr2,3373402,G,A,A,A,A,A,A,A,A,A,A,A,G,A,A,A,G,A,G,G,A,A,A,A,A,G,G,A,A,A,G,A,A,G,G,A,A
JAX00215388,chr2,3374901,C,C,C,C,C,C,C,C,C,C,C,C,T,C,C,C,C,C,C,C,C,C,C,C,C,C,C,C,C,C,T,C,C,C,C,C,C
JAX00090658,chr2,3392977,T,A,A,A,A,A,A,A,A,A,A,A,A,A,A,A,T,A,T,T,A,A,A,A,A,T,T,A,A,A,A,A,A,T,T,A,A
JAX00482088,chr2,3406359,C,C,C,C,C,C,C,C,C,C,C,C,A,C,C,C,C,C,C,C,C,C,C,C,C,C,C,C,C,C,A,C,C,C,C,C,C
JAX00482089,chr2,3407963,C,T,T,T,T,T,T,T,T,T,T,T,C,T,T,T,C,T,C,C,T,T,T,T,T,C,C,T,T,T,C,T,T,C,C,T,T
JAX00090659,chr2,3410813,T,C,C,C,C,C,C,C,C,C,C,C,N,C,C,C,T,C,T,C,C,C,C,C,C,C,C,C,C,C,N,C,C,T,T,C,C
JAX00090660,chr2,3410910,A,C,C,C,C,C,C,C,C,C,C,C,N,C,C,C,A,C,A,C,C,C,C,C,C,C,C,C,C,C,C,C,C,A,A,C,C
JAX00090661,chr2,3411929,A,G,G,G,G,G,G,G,G,G,G,G,G,G,G,G,A,G,A,G,G,G,G,G,G,G,G,G,G,G,G,G,G,A,G,G,G
JAX00482092,chr2,3424244,T,T,T,T,T,T,T,T,T,T,T,T,C,T,T,T,T,T,T,C,T,T,T,T,T,C,C,T,T,T,C,T,T,C,T,T,T
JAX00482097,chr2,3474972,A,A,A,A,A,A,A,A,A,A,A,A,G,A,A,A,A,A,A,A,A,A,A,A,A,A,A,A,A,A,G,A,A,A,A,A,A
JAX00482098,chr2,3482067,C,C,C,C,C,C,C,C,C,C,C,C,C,C,C,C,C,C,C,N,C,C,C,C,C,T,T,C,C,C,C,C,C,T,C,C,C
JAX00482099,chr2,3482169,G,G,G,G,G,G,G,G,G,G,G,G,C,G,G,G,G,G,G,G,G,G,G,G,G,G,G,G,G,G,C,G,G,G,G,G,G
JAX00482101,chr2,3538179,C,T,T,T,T,T,T,T,T,T,T,T,C,T,T,T,T,T,C,C,T,T,T,T,T,T,T,T,T,T,C,T,T,C,T,T,T
JAX00482102,chr2,3539488,C,G,G,G,G,G,G,G,G,G,G,G,N,G,G,G,G,G,C,C,G,G,G,G,G,G,G,G,G,G,G,G,G,N,G,G,G
JAX00482105,chr2,3540896,T,C,C,C,C,C,C,C,C,C,C,C,C,C,C,C,C,C,T,T,C,C,C,C,C,C,C,C,C,C,C,C,C,T,C,C,C
JAX00482106,chr2,3543918,A,A,A,A,A,A,A,A,A,A,A,A,A,A,A,A,A,A,A,T,A,A,A,A,A,A,A,A,A,A,A,A,A,T,A,A,A
JAX00090668,chr2,3546330,C,T,T,T,T,T,T,T,T,T,T,T,C,T,T,T,T,T,C,C,T,T,T,T,T,T,T,T,T,T,C,T,T,C,T,T,T
JAX00090669,chr2,3546536,A,G,G,G,G,G,G,G,G,G,G,G,G,G,G,G,G,G,A,G,G,G,G,G,G,G,G,G,G,G,G,G,G,G,G,G,G
JAX00090671,chr2,3561506,T,A,A,A,A,A,A,A,A,A,A,A,T,A,A,A,A,A,T,T,A,A,A,A,A,A,A,A,A,A,T,A,A,T,T,A,T
JAX00482110,chr2,3596914,C,C,C,C,C,C,C,C,C,C,C,C,T,C,C,C,C,C,C,C,C,C,C,C,C,C,C,C,C,C,T,C,C,T,T,C,C
JAX00482111,chr2,3601295,C,C,C,C,C,C,C,C,C,C,C,C,G,C,C,C,C,C,C,C,C,C,C,C,C,C,C,C,C,C,G,C,C,C,C,C,C
JAX00482112,chr2,3602582,G,G,G,G,G,G,G,G,G,G,G,G,A,G,A,G,G,G,G,G,G,G,G,G,G,G,G,G,G,G,A,G,G,A,A,G,A
JAX00482113,chr2,3604056,T,T,T,T,T,T,T,T,T,T,T,T,C,T,C,T,T,T,T,T,T,T,T,T,T,T,T,T,T,T,C,T,T,C,C,T,T
JAX00482114,chr2,3607171,C,C,C,C,C,C,C,C,C,C,C,C,C,C,T,C,C,C,C,C,C,C,C,C,C,C,C,C,C,C,C,C,C,T,T,C,T
JAX00482115,chr2,3607551,T,T,T,T,T,T,T,T,T,T,T,T,T,T,C,T,T,T,T,T,T,T,T,T,T,T,T,T,T,T,T,T,T,C,C,T,T
JAX00482116,chr2,3607819,T,T,T,T,T,T,T,T,T,T,T,T,G,T,T,T,T,T,T,N,T,T,T,T,T,T,T,T,T,T,G,T,T,T,T,T,T
JAX00482117,chr2,3608122,A,A,A,A,A,A,A,A,A,A,A,A,A,A,A,A,A,A,A,A,A,A,A,A,A,A,A,A,A,A,A,A,A,G,G,A,G
JAX00482119,chr2,3614578,C,C,C,C,C,C,C,C,C,C,C,C,T,C,C,C,C,C,C,C,C,C,C,C,C,C,C,C,C,C,T,C,C,C,C,C,T
JAX00482120,chr2,3615883,C,C,C,C,C,C,C,C,C,C,C,C,T,C,C,C,C,C,C,C,C,C,C,C,C,C,C,C,C,C,T,C,C,C,C,C,C
JAX00090674,chr2,3618050,T,T,T,T,T,T,T,T,T,T,T,T,G,T,G,N,T,T,T,T,T,T,T,T,T,T,T,T,T,T,G,T,T,G,G,T,G
JAX00090677,chr2,3660108,A,A,A,A,A,A,A,A,A,A,A,A,G,A,G,A,A,A,A,A,A,A,A,A,A,A,A,A,A,A,G,A,A,G,G,A,G
JAX00090678,chr2,3662642,A,A,A,A,A,A,A,A,A,A,A,A,G,A,A,A,A,A,A,A,A,A,A,A,A,A,A,A,A,A,G,A,A,A,A,A,G
JAX00090679,chr2,3662727,C,C,C,C,C,C,C,C,C,C,C,C,A,C,A,C,C,C,C,C,C,C,C,C,C,C,C,C,C,C,A,C,C,A,C,C,C
JAX00482123,chr2,3687259,T,T,T,T,T,T,T,T,T,T,T,T,G,T,G,T,T,T,T,T,T,T,T,T,T,T,T,T,T,T,G,T,T,T,T,T,T
JAX00482130,chr2,3697206,C,T,T,T,T,T,T,T,T,T,T,T,T,T,C,T,T,T,C,C,T,T,T,T,T,T,T,T,T,T,T,T,T,T,T,T,C
JAX00090680,chr2,3698292,A,G,G,G,G,G,G,G,G,G,G,G,G,G,G,G,G,G,A,A,G,G,G,G,G,G,G,G,G,G,G,G,G,G,G,G,A
JAX00090681,chr2,3698646,A,A,A,A,A,A,A,A,A,A,A,A,G,A,A,A,A,A,A,A,A,A,A,A,A,A,A,A,A,A,G,A,A,A,A,A,A
JAX00482133,chr2,3714284,A,C,C,C,C,C,C,C,C,C,C,C,C,C,C,C,C,C,A,A,C,C,C,C,C,C,C,C,C,C,C,C,C,C,C,C,A
JAX00482135,chr2,3716550,A,T,T,T,T,T,T,T,T,T,T,T,A,T,T,T,T,T,A,A,T,T,T,T,T,T,T,T,T,T,A,T,T,T,T,T,A
JAX00215399,chr2,3716740,C,C,C,C,C,C,C,C,C,C,C,C,T,C,C,C,C,C,C,C,C,C,C,C,C,C,C,C,C,C,T,C,C,C,C,C,C
JAX00482136,chr2,3723816,A,G,G,G,G,G,G,G,G,G,G,G,H,G,G,G,G,G,A,A,G,G,G,G,G,G,G,G,G,G,H,G,G,A,G,G,A
JAX00090683,chr2,3736977,T,A,A,A,A,A,A,A,A,A,A,A,T,A,T,A,A,A,T,T,A,A,A,A,A,A,A,A,A,A,T,A,A,T,A,A,T
JAX00482138,chr2,3770292,A,A,A,A,A,A,A,A,A,A,A,A,C,A,A,A,A,A,A,A,A,A,A,A,A,A,A,A,A,A,C,A,A,A,A,A,C
JAX00482139,chr2,3770334,T,T,T,T,T,T,T,T,T,T,T,T,C,T,T,T,T,T,T,T,T,T,T,T,T,T,T,T,T,T,C,T,T,T,T,T,T
JAX00090687,chr2,3780563,A,A,A,A,A,A,A,A,A,A,A,A,G,A,G,A,A,A,A,A,A,A,A,A,A,A,A,A,A,A,G,A,A,A,A,A,A
JAX00482145,chr2,3807906,T,T,T,T,T,T,T,T,T,T,T,T,C,T,T,T,T,T,T,C,T,T,T,T,T,T,T,T,T,T,C,T,T,C,T,T,C
JAX00482146,chr2,3813027,A,A,A,A,A,A,A,A,A,A,A,A,A,A,A,A,A,A,A,C,A,A,A,A,A,A,A,A,A,A,A,A,A,A,A,A,C
JAX00482148,chr2,3815699,G,G,G,G,G,G,G,G,G,G,G,G,T,G,T,G,G,G,G,T,G,G,G,G,G,G,G,G,G,G,T,G,G,T,G,G,T
JAX00090689,chr2,3818270,A,A,A,A,A,A,A,A,A,A,A,A,T,A,A,A,A,A,A,A,A,A,A,A,A,A,A,A,A,A,T,A,A,A,A,A,A
JAX00482152,chr2,3828358,N,A,A,A,A,A,A,A,A,A,A,A,G,A,A,A,A,A,G,H,A,A,A,A,A,A,A,A,A,A,G,A,A,A,A,A,A
JAX00482153,chr2,3828381,G,A,A,A,A,A,A,A,A,A,A,A,A,A,A,A,A,A,G,G,A,A,A,A,A,A,A,A,A,A,A,A,A,A,A,A,A
JAX00482156,chr2,3841739,C,T,T,T,T,T,T,T,T,T,T,T,T,T,C,T,T,T,C,C,T,T,T,T,T,T,T,T,T,T,T,T,T,C,T,T,T
JAX00482158,chr2,3847577,G,A,A,A,A,A,A,A,A,A,A,A,G,A,G,A,A,A,G,G,A,A,A,A,A,A,A,A,A,A,G,A,A,G,G,A,A
JAX00482160,chr2,3849963,T,G,G,G,G,G,G,G,G,G,G,G,T,G,T,G,G,G,T,N,G,G,G,G,G,G,G,G,G,G,T,G,G,T,T,G,G
JAX00482161,chr2,3858902,C,T,T,T,T,T,T,T,T,T,T,T,T,T,C,T,T,T,C,C,T,T,T,T,T,T,T,T,T,T,T,T,T,C,C,T,T
JAX00482162,chr2,3859146,A,T,T,T,T,T,T,T,T,T,T,T,A,T,A,T,T,T,A,A,T,T,T,T,T,T,T,T,T,T,A,T,T,A,A,T,T
JAX00482163,chr2,3859461,A,A,A,A,A,A,A,A,A,A,A,A,G,A,A,A,A,A,A,A,A,A,A,A,A,A,A,A,A,A,G,A,A,A,A,A,A
JAX00090693,chr2,3863991,C,G,G,G,G,G,G,G,G,G,G,G,G,G,C,G,G,G,C,C,G,G,G,G,G,G,G,G,G,G,G,G,G,C,C,G,G
JAX00090694,chr2,3865869,T,A,A,A,A,A,A,A,A,A,A,A,T,A,T,A,A,A,T,T,A,A,A,A,A,A,A,A,A,A,H,A,A,H,T,A,A
JAX00482165,chr2,3869205,C,C,C,C,C,C,C,C,C,C,C,C,C,C,T,C,C,C,C,C,C,C,C,C,C,C,C,C,C,C,C,C,C,T,C,C,C
JAX00215400,chr2,3869763,A,A,A,A,A,A,A,A,A,A,A,A,G,A,A,A,A,A,A,A,A,A,A,A,A,A,A,A,A,A,G,A,A,A,A,A,A
JAX00090695,chr2,3880017,G,A,A,A,A,A,A,A,A,A,A,A,G,A,G,A,A,A,G,G,A,A,A,A,A,A,A,A,A,A,G,A,A,G,G,A,A
JAX00482168,chr2,3890781,A,A,A,A,A,A,A,A,A,A,A,A,H,A,G,A,A,A,A,A,A,A,A,A,A,A,A,A,A,A,G,A,A,G,A,A,A
JAX00482169,chr2,3890886,C,C,C,C,C,C,C,C,C,C,C,C,C,C,T,C,C,C,C,C,C,C,C,C,C,C,C,C,C,C,C,C,C,T,C,C,C
JAX00482170,chr2,3890956,A,A,A,A,A,A,A,A,A,A,A,A,G,A,A,A,A,A,A,A,A,A,A,A,A,A,A,A,A,A,G,A,A,A,A,A,A
JAX00482171,chr2,3891683,C,N,A,A,A,A,A,A,A,A,A,A,C,A,C,A,A,A,C,C,A,A,A,A,A,A,A,A,A,A,C,A,A,C,C,A,A
JAX00090696,chr2,3899039,G,A,A,A,A,A,A,A,A,A,A,A,A,A,A,A,A,A,G,G,A,A,A,A,A,A,A,A,A,A,A,A,A,A,G,A,A
JAX00090697,chr2,3907466,T,A,A,A,A,A,A,A,A,A,A,A,A,A,T,A,A,A,T,T,A,A,A,A,A,A,A,A,A,A,A,A,A,T,T,A,A
JAX00482172,chr2,3928151,C,A,A,A,A,A,A,A,A,A,A,A,C,A,C,A,A,A,C,C,A,A,A,A,A,A,A,A,A,A,C,A,A,C,C,A,A
JAX00482173,chr2,3928879,T,G,G,G,G,G,G,G,G,G,G,G,G,G,G,G,G,G,T,T,G,G,G,G,G,G,G,G,G,G,G,G,G,G,T,G,G
JAX00482175,chr2,3930026,T,T,T,T,T,T,T,T,T,T,T,T,T,T,G,T,T,T,T,T,T,T,T,T,T,T,T,T,T,T,T,T,T,G,T,T,T
JAX00482178,chr2,3934810,G,G,G,G,G,G,G,G,G,G,G,G,G,G,A,G,G,G,G,G,G,G,G,G,G,G,G,G,G,G,A,G,G,A,G,G,G
JAX00482179,chr2,3937446,C,G,G,G,G,G,G,G,G,G,G,G,G,G,C,G,G,G,C,C,G,G,G,G,G,G,G,G,G,G,G,G,G,C,G,G,G
JAX00482180,chr2,3938460,A,T,T,T,T,T,T,T,T,T,T,T,A,T,T,T,T,T,A,A,T,T,T,T,T,T,T,T,T,T,A,T,T,T,A,T,T
JAX00482183,chr2,3938664,A,G,G,G,G,G,G,G,G,G,G,G,G,G,G,G,G,G,A,N,G,G,G,G,G,G,G,G,G,G,G,G,G,G,G,G,G
JAX00482184,chr2,3939748,A,A,A,A,A,A,A,A,A,A,A,A,C,A,H,A,A,A,A,A,A,A,A,A,A,A,A,A,A,A,C,A,A,H,A,A,A
JAX00090698,chr2,3942107,T,C,C,C,C,C,C,C,C,C,C,C,T,C,T,C,C,C,T,H,C,C,C,C,C,C,C,C,C,C,T,C,C,N,T,C,C
JAX00482185,chr2,3945337,G,T,T,T,T,T,T,T,T,T,T,T,G,T,T,T,T,T,G,G,T,T,T,T,T,T,T,T,T,T,G,T,T,T,G,T,T
JAX00482186,chr2,3945400,A,C,C,C,C,C,C,C,C,C,C,C,C,C,C,C,C,C,A,A,C,C,C,C,C,C,C,C,C,C,C,C,C,C,A,C,C
JAX00482187,chr2,3945509,T,C,C,C,C,C,C,C,C,C,C,C,T,C,C,C,C,C,T,T,C,C,C,C,C,C,C,C,C,C,T,C,C,C,T,C,C
JAX00482188,chr2,3946115,G,A,A,A,A,A,A,A,A,A,A,A,G,A,H,A,A,A,G,G,A,A,A,A,A,A,A,A,A,A,G,A,A,H,G,A,H
JAX00090699,chr2,3946554,C,T,T,T,T,T,T,T,T,T,T,T,T,T,C,T,T,T,C,C,T,T,T,T,T,T,T,T,T,T,T,T,T,C,T,T,C
JAX00482191,chr2,3951825,A,G,G,G,G,G,G,G,G,G,G,G,G,G,A,G,G,G,A,H,G,G,G,G,G,G,G,G,G,G,G,G,G,N,A,G,H
JAX00482192,chr2,3953495,C,C,C,C,C,C,C,C,C,C,C,C,C,C,T,C,C,C,C,C,C,C,C,C,C,C,C,C,C,C,C,C,C,T,T,C,C
JAX00090700,chr2,3953587,G,A,A,A,A,A,A,A,A,A,A,A,G,A,G,A,A,A,G,G,A,A,A,A,A,A,A,A,A,A,G,A,A,G,A,A,G
JAX00482193,chr2,3954283,T,C,C,C,C,C,C,C,C,C,C,C,C,C,T,C,C,C,T,T,C,C,C,C,C,C,C,C,C,C,C,C,C,T,C,C,C
JAX00482197,chr2,3956698,A,A,A,A,A,A,A,A,A,A,A,A,G,A,A,A,A,A,A,A,A,A,A,A,A,A,A,A,A,A,G,A,A,A,A,A,A
JAX00482199,chr2,3962643,T,C,C,C,C,C,C,C,C,C,C,C,C,C,C,C,C,C,T,T,C,C,C,C,C,C,C,C,C,C,C,C,C,C,C,C,T
JAX00090701,chr2,3979869,G,A,A,A,A,A,A,A,A,A,A,A,G,A,G,A,A,A,G,G,A,A,A,A,A,A,A,A,A,A,G,A,A,G,A,A,G
JAX00090702,chr2,3980001,G,A,A,A,A,A,A,A,A,A,A,A,G,A,G,A,A,A,G,G,A,A,A,A,A,A,A,A,A,A,G,A,A,G,G,A,G
JAX00090703,chr2,3980063,G,A,A,A,A,A,A,A,A,A,A,A,A,A,G,A,A,A,G,G,A,A,A,A,A,A,A,A,A,A,A,A,A,G,G,A,G
JAX00482200,chr2,4015615,G,G,G,G,G,G,G,G,G,G,G,G,G,G,A,G,G,G,G,G,G,G,G,G,G,G,G,G,G,G,G,G,G,G,A,G,A
JAX00090705,chr2,4017236,C,C,C,C,C,C,C,C,C,C,C,C,C,C,T,C,C,C,C,C,C,C,C,C,C,C,C,C,C,C,C,C,C,T,T,C,T
JAX00482205,chr2,4029047,G,G,G,G,G,G,G,G,G,G,G,G,A,G,A,G,G,G,G,G,G,G,G,G,G,G,G,G,G,G,A,G,G,A,A,G,A
JAX00482208,chr2,4033646,C,C,C,C,C,C,C,C,C,C,C,C,T,C,C,C,C,C,C,C,C,C,C,C,C,C,C,C,C,C,T,C,C,C,C,C,T
JAX00215404,chr2,4033946,G,G,G,G,G,G,G,G,G,G,G,G,A,G,G,G,G,G,G,G,G,G,G,G,G,G,G,G,G,G,A,G,G,G,G,G,G
JAX00090706,chr2,4035902,T,C,C,C,C,C,C,C,C,C,C,C,T,C,T,C,C,C,T,C,C,C,C,C,C,C,C,C,C,C,T,C,C,C,T,C,T
JAX00090709,chr2,4059596,T,T,T,T,T,T,T,T,T,T,T,T,C,T,C,T,T,T,T,T,T,T,T,T,T,T,T,T,T,T,C,T,T,T,T,T,N
JAX00482210,chr2,4065093,T,G,G,G,G,G,G,G,G,G,G,G,T,G,T,G,G,G,T,G,G,G,G,G,G,G,G,G,G,G,T,G,G,G,T,G,T
JAX00482211,chr2,4065494,C,C,C,C,C,C,C,C,C,C,C,C,T,C,C,C,C,C,C,C,C,C,C,C,C,C,C,C,C,C,T,C,C,C,C,C,C
JAX00482212,chr2,4071293,C,A,A,A,A,A,A,A,A,A,A,A,A,A,A,A,A,A,C,A,A,A,A,A,A,A,A,A,A,A,A,A,A,A,A,A,C
JAX00482213,chr2,4074989,A,G,G,G,G,G,G,G,G,G,G,G,G,G,G,G,G,G,A,G,G,G,G,G,G,G,G,G,G,G,G,G,G,G,G,G,G
JAX00482214,chr2,4075102,G,A,A,A,A,A,A,A,A,A,A,A,A,A,A,A,A,A,G,A,A,A,A,A,A,A,A,A,A,A,A,A,A,A,A,A,G
JAX00482216,chr2,4077533,A,G,G,G,G,G,G,G,G,G,G,G,A,G,G,G,G,G,A,G,G,G,G,G,G,G,G,G,G,G,A,G,G,G,G,G,A
JAX00482218,chr2,4079962,G,G,G,G,G,G,G,G,G,G,G,G,G,G,A,G,G,G,G,G,G,G,G,G,G,G,G,G,G,G,G,G,G,G,A,G,G
JAX00482219,chr2,4081426,G,G,G,G,G,G,G,G,G,G,G,G,A,G,G,G,G,G,G,G,G,G,G,G,G,G,G,G,G,G,A,G,G,G,G,G,G
JAX00090710,chr2,4098034,T,T,T,T,T,T,T,T,T,T,T,T,C,T,C,T,T,T,T,T,T,T,T,T,T,T,T,T,T,T,C,T,T,T,C,T,C
JAX00090711,chr2,4098490,A,A,A,A,A,A,A,A,A,A,A,A,A,A,G,A,A,A,A,A,A,A,A,A,A,A,A,A,A,A,A,A,A,A,G,A,G
JAX00482220,chr2,4098823,G,G,G,G,G,G,G,G,G,G,G,G,G,G,A,G,G,G,G,G,G,G,G,G,G,G,G,G,G,G,G,G,G,G,A,G,G
JAX00482221,chr2,4103419,A,A,A,A,A,A,A,A,A,A,A,A,C,A,A,A,A,A,A,A,A,A,A,A,A,A,A,A,A,A,C,A,A,A,A,A,A
JAX00482222,chr2,4108485,C,T,T,T,T,T,T,T,T,T,T,T,C,T,C,T,T,T,C,C,T,T,T,T,T,T,T,T,T,T,C,T,T,C,C,T,C
JAX00482223,chr2,4109796,T,T,T,T,T,T,T,T,T,T,T,T,C,T,T,T,T,T,T,T,T,T,T,T,T,T,T,T,T,T,C,T,T,T,T,T,T
JAX00215407,chr2,4134982,T,T,T,T,T,T,T,T,T,T,T,T,C,T,T,T,T,T,T,T,T,T,T,T,T,T,T,T,T,T,C,T,T,T,T,T,C
JAX00090715,chr2,4138684,T,T,T,T,T,T,T,T,T,T,T,T,C,T,T,T,T,T,T,T,T,T,T,T,T,T,T,T,T,T,C,T,T,T,T,T,T
JAX00482227,chr2,4146882,A,A,A,A,A,A,A,A,A,A,A,A,G,A,A,A,A,A,A,N,A,A,A,A,A,A,A,A,A,A,G,A,A,A,A,A,G
JAX00482228,chr2,4147722,T,T,T,T,T,T,T,T,T,T,T,T,G,T,T,T,T,T,T,T,T,T,T,T,T,T,T,T,T,T,G,T,T,T,T,T,G
JAX00482234,chr2,4153385,G,G,G,G,G,G,G,G,G,G,G,G,G,G,A,G,G,G,G,G,G,G,G,G,G,G,G,G,G,G,A,G,G,G,A,G,A
JAX00482236,chr2,4153787,T,T,T,T,T,T,T,T,T,T,T,T,H,T,G,T,T,T,T,T,T,T,T,T,T,T,T,T,T,T,G,T,T,T,G,T,H
JAX00482237,chr2,4153974,A,A,A,A,A,A,A,A,A,A,A,A,A,A,A,A,A,A,A,A,A,A,A,A,A,A,A,A,A,A,G,A,A,A,A,A,G
JAX00482240,chr2,4155667,C,C,C,C,C,C,C,C,C,C,C,C,C,C,T,C,C,C,C,C,C,C,C,C,C,C,C,C,C,C,C,C,C,C,T,C,C
JAX00482241,chr2,4155713,C,C,C,C,C,C,C,C,C,C,C,C,G,C,C,C,C,C,C,C,C,C,C,C,C,C,C,C,C,C,G,C,C,C,C,C,C
JAX00090716,chr2,4165936,G,G,G,G,A,G,A,A,A,A,A,A,G,A,G,A,A,G,G,G,A,G,G,G,A,A,A,A,A,G,G,G,G,G,G,A,A
JAX00482242,chr2,4172598,C,G,G,G,G,G,G,G,G,G,G,N,G,G,C,G,G,G,N,H,G,G,G,G,G,G,G,G,G,G,G,G,G,G,C,G,G
JAX00482247,chr2,4186894,T,C,C,C,C,C,C,C,C,C,C,C,T,C,T,C,C,C,T,T,C,C,C,C,C,C,C,C,C,C,T,C,C,C,T,C,C
JAX00482249,chr2,4188075,T,C,C,C,C,C,C,C,C,C,C,C,C,C,T,C,C,C,T,T,C,C,C,C,C,C,C,C,C,C,C,C,C,C,T,C,C
JAX00482250,chr2,4199780,G,T,T,T,T,T,T,T,T,T,T,T,G,T,G,T,T,T,G,G,T,T,T,T,T,T,T,T,T,T,G,T,T,G,G,T,G
JAX00482252,chr2,4208577,C,C,C,C,C,C,C,C,C,C,C,C,T,C,T,C,C,C,C,C,C,C,C,C,C,C,C,C,C,C,T,C,C,C,T,C,C
JAX00482253,chr2,4208795,G,G,G,G,G,G,G,G,G,G,G,G,G,G,A,G,G,G,G,G,G,G,G,G,G,G,G,G,G,G,A,G,G,G,A,G,G
JAX00482254,chr2,4209576,G,G,G,G,G,G,G,G,G,G,G,G,A,G,G,G,G,G,G,G,G,G,G,G,G,G,G,G,G,G,A,G,G,G,G,G,G
JAX00090719,chr2,4209605,A,C,C,C,C,C,C,C,C,C,C,C,C,C,A,C,C,C,A,N,C,C,C,C,C,C,C,C,C,C,C,C,C,C,A,C,C
JAX00482255,chr2,4210415,C,T,T,T,T,T,T,T,T,T,T,T,C,T,C,T,T,T,C,C,T,T,T,T,T,T,T,T,T,T,C,T,T,T,C,T,T
JAX00090720,chr2,4211457,A,G,G,G,G,G,G,G,G,G,G,G,G,G,A,G,G,G,A,A,G,G,G,G,G,G,G,G,G,G,G,G,G,G,A,G,G
JAX00090721,chr2,4211683,G,A,A,A,A,A,A,A,A,A,A,A,G,A,G,A,A,A,G,G,A,A,A,A,A,A,A,A,A,A,G,A,A,A,G,A,A
JAX00215412,chr3,4235090,C,C,C,C,C,C,C,C,C,C,C,C,T,C,C,C,C,C,C,C,C,C,C,C,C,C,C,C,C,C,T,C,C,C,C,C,C
JAX00482257,chr3,4257983,A,A,A,A,A,A,A,A,A,A,A,A,A,A,G,A,A,A,A,A,A,A,A,A,A,A,A,A,A,A,A,A,A,A,G,A,A
JAX00482258,chr3,4262193,G,C,C,C,C,C,C,C,C,C,C,C,C,C,C,C,C,C,G,G,C,C,C,C,C,C,C,C,C,C,C,C,C,C,C,C,C
JAX00482261,chr3,4263534,T,T,T,T,T,T,T,T,T,T,T,T,C,T,C,T,T,T,T,T,T,T,T,T,T,T,T,T,T,T,C,T,T,T,C,T,T
JAX00482262,chr3,4264691,G,C,C,C,C,C,C,C,C,C,C,C,G,C,G,C,C,C,G,G,C,C,C,C,C,C,C,C,C,C,G,C,C,C,G,C,C
JAX00090723,chr3,4265034,G,A,A,A,A,N,A,A,A,A,A,A,G,A,G,A,A,A,G,G,A,A,A,A,A,A,A,A,A,A,G,A,A,A,G,A,A
JAX00482263,chr3,4265241,T,C,C,C,C,C,C,C,C,C,C,C,T,C,T,C,C,C,T,T,C,C,C,C,C,C,C,C,C,C,T,C,C,C,T,C,C
JAX00482265,chr3,4268572,G,A,A,A,A,A,A,A,A,A,A,A,G,A,A,A,A,A,G,G,A,A,A,A,A,A,A,A,A,A,G,A,A,A,A,A,A
JAX00090725,chr3,4281502,G,G,G,G,G,G,G,G,G,G,G,G,T,G,G,G,G,G,G,G,G,G,G,G,G,G,G,G,G,G,T,G,G,G,G,G,G
JAX00090730,chr3,4352934,T,C,C,C,C,C,C,C,C,C,C,C,T,C,C,C,C,C,T,C,C,C,C,C,C,C,C,C,C,C,T,C,C,T,T,C,T
JAX00482274,chr3,4377552,C,T,T,T,T,T,T,T,T,T,T,T,C,T,T,T,T,T,C,T,T,T,T,T,T,T,T,T,T,T,C,T,T,T,C,T,T
JAX00482275,chr3,4377841,T,A,A,A,A,A,A,A,A,A,A,A,A,A,A,A,A,A,T,A,A,A,A,A,A,A,A,A,A,A,A,A,A,A,T,A,A
JAX00482276,chr3,4377984,G,C,C,C,C,C,C,C,C,C,C,C,G,C,C,C,C,C,G,C,C,C,C,C,C,C,C,C,C,C,G,C,C,C,G,C,C
JAX00215415,chr3,4379397,G,G,G,G,G,G,G,G,G,G,G,G,C,G,G,G,G,G,G,G,G,G,G,G,G,G,G,G,G,G,C,G,G,G,G,G,G
JAX00090731,chr3,4380873,G,T,T,T,T,T,T,T,T,T,T,T,G,T,T,T,T,T,G,T,T,T,T,T,T,T,T,T,T,T,G,T,T,T,G,T,T
JAX00090732,chr3,4389160,C,G,G,G,G,G,G,G,G,G,G,G,G,G,G,G,G,G,C,G,G,G,G,G,G,G,G,G,G,G,G,G,G,G,C,G,G
JAX00090733,chr3,4392538,A,G,G,G,G,G,G,G,G,G,G,G,A,G,G,G,G,G,A,G,G,G,G,G,G,G,G,G,G,G,A,G,G,A,A,G,A
JAX00482278,chr3,4398455,G,G,G,G,G,G,G,G,G,G,G,G,A,G,G,G,G,G,G,G,G,G,G,G,G,G,G,G,G,G,A,G,G,G,G,G,G
JAX00090736,chr3,4409878,A,T,T,T,T,T,T,T,T,T,T,T,T,T,T,T,T,T,A,T,T,T,T,T,T,T,T,T,T,T,T,T,T,A,A,T,A
JAX00482281,chr3,4426054,A,G,G,G,G,G,G,G,G,G,G,G,G,G,G,G,G,G,A,G,G,G,G,G,G,G,G,G,G,G,G,G,G,G,A,G,G
JAX00482282,chr3,4426104,G,G,G,G,G,G,G,G,G,G,G,G,T,G,G,N,G,G,G,G,G,G,G,G,G,G,G,G,G,G,T,G,G,T,G,G,N
JAX00482283,chr3,4426126,T,C,C,C,C,C,C,C,C,C,C,C,C,C,C,C,C,C,T,C,C,C,C,C,C,C,C,C,C,C,C,C,C,C,T,C,C
JAX00482285,chr3,4426270,G,G,G,G,G,G,G,G,G,G,G,G,G,G,G,G,G,G,G,G,G,G,G,G,G,G,G,G,G,G,G,G,G,A,G,G,A
JAX00482287,chr3,4450697,A,A,A,A,A,A,A,A,A,A,A,A,G,A,A,A,A,A,A,A,A,A,A,A,A,A,A,A,A,A,G,A,A,A,A,A,A
JAX00090738,chr3,4459330,A,A,A,A,A,A,A,A,A,A,A,A,G,A,A,A,A,A,A,A,A,A,A,A,A,A,A,A,A,A,G,A,A,A,A,A,G
JAX00090739,chr3,4469241,C,T,T,T,T,T,T,T,T,T,T,T,C,T,T,T,T,T,C,T,T,T,T,T,T,T,T,T,T,T,C,T,T,C,C,T,C
JAX00482290,chr3,4483675,T,T,T,T,T,T,T,T,T,T,T,T,G,T,T,T,T,T,T,T,T,T,T,T,T,T,T,T,T,T,G,T,T,T,T,T,G
JAX00482291,chr3,4497954,C,C,C,C,C,C,C,C,C,C,C,C,T,C,C,C,C,C,C,C,C,C,C,C,C,C,C,C,C,C,T,C,C,C,C,C,C
JAX00090741,chr3,4499952,G,A,A,A,A,A,A,A,A,A,A,A,A,A,A,A,A,A,G,A,A,A,A,A,A,A,A,A,A,A,G,A,A,A,A,A,A
JAX00482292,chr3,4505074,T,T,T,T,T,T,T,T,T,T,T,T,C,T,T,T,T,T,T,T,T,T,T,T,T,T,T,T,T,T,C,T,T,T,C,T,C
JAX00482293,chr3,4512326,C,C,C,C,C,C,C,C,C,C,C,C,C,C,C,C,C,C,C,C,C,C,C,C,C,C,C,C,C,C,C,C,C,C,T,C,T
JAX00482294,chr3,4512517,A,G,G,G,G,G,G,G,G,G,G,G,G,G,G,G,G,G,A,G,G,G,G,G,G,G,G,G,G,G,G,G,G,A,G,G,G
JAX00482295,chr3,4512563,A,G,G,G,G,G,G,G,G,G,G,G,A,G,G,G,G,G,A,G,G,G,G,G,G,G,G,G,G,G,A,G,G,A,G,G,G
JAX00090742,chr3,4515709,A,G,G,G,G,G,G,G,G,G,G,G,G,G,G,G,G,G,A,G,G,G,G,G,G,G,G,G,G,G,G,G,G,A,G,G,G
JAX00482298,chr3,4515826,G,A,A,A,A,A,A,A,A,A,A,A,G,A,A,A,A,A,G,A,A,A,A,A,A,A,A,A,A,A,G,A,A,G,A,A,A
JAX00482302,chr3,4538546,A,G,G,G,G,G,G,G,G,G,G,G,A,G,G,G,G,G,A,G,G,G,G,G,G,G,G,G,G,G,A,G,G,A,A,G,A
JAX00090744,chr3,4552264,G,A,A,A,A,A,A,A,A,A,A,A,A,A,A,A,A,A,G,A,A,A,A,A,A,A,A,A,A,A,A,A,A,G,A,A,G
JAX00090745,chr4,4554641,T,C,C,C,C,C,C,C,C,C,C,C,H,C,C,C,C,C,T,C,C,C,C,C,C,C,C,C,C,C,C,C,C,T,C,C,T
JAX00090746,chr4,4561932,G,A,A,A,A,A,A,A,A,A,A,A,G,A,A,A,A,A,G,A,A,A,A,A,A,A,A,A,A,A,G,A,A,G,A,A,G
JAX00482304,chr4,4587701,G,T,T,T,T,T,T,T,T,T,T,T,G,T,T,T,T,T,G,T,T,T,T,T,T,T,T,T,T,T,G,T,T,G,G,T,G
JAX00482307,chr4,4597002,T,C,C,C,C,C,C,C,C,C,C,C,C,C,C,C,C,C,T,C,C,C,C,C,C,C,C,C,C,C,C,C,C,T,C,C,T
JAX00482309,chr4,4597637,C,C,C,C,C,C,C,C,C,C,C,C,T,C,C,C,C,C,C,C,C,C,C,C,C,C,C,C,C,C,T,C,C,C,C,C,C
JAX00090749,chr4,4602097,A,C,C,C,C,C,C,C,C,C,C,C,A,C,C,C,C,C,A,C,C,C,C,C,C,C,C,C,C,C,A,C,C,A,A,C,A
JAX00090750,chr4,4602204,T,C,C,C,C,C,C,C,C,C,C,C,C,C,C,C,C,C,T,C,C,C,C,C,C,C,C,C,C,C,C,C,C,C,C,C,C
JAX00090751,chr4,4612144,A,G,G,G,G,G,G,G,G,G,G,G,A,G,G,G,G,G,A,G,G,G,G,G,G,G,G,G,G,G,A,G,G,A,A,G,A
JAX00482311,chr4,4621298,G,G,G,G,G,G,G,G,G,G,G,G,A,G,G,G,G,G,G,G,G,G,G,G,G,G,G,G,G,G,A,G,G,G,G,G,G
JAX00090752,chr4,4651216,T,A,A,A,A,A,A,A,A,A,A,A,T,A,A,A,A,A,T,A,A,A,A,A,A,A,A,A,A,A,T,A,A,T,T,A,T
JAX00090754,chr4,4673758,A,G,G,G,G,G,G,G,G,G,G,G,H,G,G,G,G,G,A,G,G,G,G,G,G,G,G,G,G,G,H,G,G,A,A,G,A
JAX00482315,chr4,4685642,T,C,C,C,C,C,C,C,C,C,C,C,C,C,C,C,C,C,T,C,C,C,C,C,C,C,C,C,C,C,T,C,C,T,T,C,T
JAX00482316,chr4,4687286,C,T,T,T,T,T,T,T,T,T,T,T,C,T,T,T,T,T,C,T,T,T,T,T,T,T,T,T,T,T,C,T,T,C,C,T,C
JAX00482317,chr4,4692183,G,A,A,A,A,A,A,A,A,A,A,A,A,A,A,A,A,A,G,A,A,A,A,A,A,A,A,A,A,A,G,A,A,G,G,A,G
JAX00482319,chr4,4712953,C,T,T,T,T,T,T,T,T,T,T,T,C,T,T,T,T,T,C,T,T,T,T,N,T,T,T,T,T,T,C,T,T,C,C,T,C
JAX00482320,chr4,4713023,T,C,C,C,C,C,C,C,C,C,C,C,C,C,C,C,C,C,T,C,C,C,C,C,C,C,C,C,C,C,T,C,C,T,T,C,T
JAX00482321,chr4,4716033,G,A,A,A,G,A,A,A,A,A,A,A,A,A,A,A,A,A,G,A,A,A,A,A,A,A,A,A,A,A,A,A,A,A,G,A,G
JAX00482322,chr4,4717194,G,C,C,C,G,C,C,C,C,C,C,C,G,C,C,C,C,C,G,C,C,C,C,C,C,C,C,C,C,C,G,C,C,C,G,C,G
JAX00482323,chr4,4717495,A,T,T,T,A,T,T,T,T,T,T,T,N,T,T,T,T,T,A,T,T,T,T,T,T,T,T,T,T,T,N,T,T,T,A,T,A
JAX00090758,chr4,4743625,G,G,G,G,G,G,G,G,G,G,G,G,T,G,G,G,G,G,G,G,G,G,G,G,G,G,G,G,G,G,T,G,G,G,G,G,G
JAX00482325,chr4,4753517,A,G,G,G,G,G,G,G,G,G,G,G,G,G,G,G,G,G,A,G,G,G,G,G,G,G,G,G,G,G,G,G,G,G,G,G,A
JAX00482326,chr4,4755129,G,G,G,G,G,G,G,G,G,G,G,G,A,G,G,G,G,G,G,G,G,G,G,G,G,G,G,G,G,G,A,G,G,G,G,G,G
JAX00482327,chr4,4755681,T,T,T,T,T,T,T,T,T,T,T,T,G,T,T,N,T,T,T,T,T,T,T,T,T,T,T,T,T,T,G,T,T,T,T,T,T
JAX00090761,chr4,4776398,C,T,T,T,C,T,T,T,T,T,T,T,T,T,T,T,T,T,C,T,T,T,T,T,T,T,T,T,T,T,T,T,T,T,C,T,C
JAX00482330,chr4,4798021,C,C,C,C,C,C,C,C,C,C,C,C,T,C,C,C,C,C,C,C,C,C,C,C,C,C,C,C,C,C,T,C,C,C,C,C,C
JAX00090766,chr4,4823207,T,T,T,C,C,T,T,T,T,T,T,T,C,T,T,T,T,T,T,T,T,T,T,T,T,T,T,T,T,T,C,T,T,T,C,T,C
JAX00482333,chr4,4836347,T,T,T,A,A,T,T,T,T,T,T,T,T,T,T,T,T,T,T,T,T,T,T,T,T,T,T,T,T,T,T,T,T,T,A,T,A
JAX00482336,chr4,4857721,C,C,C,N,C,C,C,C,C,C,C,C,T,C,C,C,C,C,C,C,C,C,C,C,C,C,C,C,C,C,T,C,C,N,C,C,C
JAX00090767,chr4,4858064,T,T,T,A,T,T,T,T,T,T,T,T,A,T,T,T,T,T,T,T,T,T,T,T,T,T,T,T,T,T,A,T,T,T,T,T,T
JAX00482340,chr4,4893901,A,A,A,A,A,A,A,A,A,A,A,A,G,A,A,A,A,A,A,A,A,A,A,A,A,A,A,A,A,A,G,A,A,A,A,A,A
JAX00090771,chr4,4901660,G,G,G,G,T,G,G,G,G,G,G,G,T,G,G,G,G,G,G,G,G,G,G,G,G,G,G,G,G,G,T,G,G,G,T,G,G
JAX00482347,chr4,4912554,G,G,G,G,A,G,G,G,G,G,G,G,G,G,G,G,G,G,G,G,G,G,G,G,G,G,G,G,G,G,G,G,G,G,A,G,G
JAX00482348,chr4,4914888,G,G,G,A,G,G,G,G,G,G,G,G,G,G,A,G,G,G,G,G,G,G,G,G,G,G,G,G,G,G,G,G,G,G,H,G,A
JAX00482350,chr4,4917066,T,T,T,T,T,T,T,T,T,T,T,T,A,T,T,T,T,T,T,T,T,T,T,T,T,T,T,T,T,T,A,T,T,T,A,T,T
JAX00090774,chr4,4940986,C,C,C,C,C,C,C,C,C,C,C,C,T,C,C,C,C,C,C,C,C,C,C,C,C,C,C,C,C,C,T,C,C,C,C,C,C
JAX00090775,chr4,4941181,A,A,A,A,A,A,A,A,A,A,A,A,C,A,A,A,A,A,A,A,A,A,A,A,A,A,A,A,A,A,C,A,A,A,H,A,A
JAX00482356,chr4,4972312,C,C,C,C,T,C,C,C,C,C,C,C,T,C,C,C,C,C,C,C,C,C,C,C,C,C,C,C,C,C,T,C,C,C,T,C,T
JAX00482359,chr4,4973939,G,G,G,G,G,G,G,G,G,G,G,G,A,G,G,G,G,G,G,G,G,G,G,G,G,G,G,G,G,G,A,G,G,G,G,G,G
JAX00482361,chr4,4974106,G,A,A,A,G,A,A,A,A,A,A,A,G,A,A,A,A,A,G,A,A,A,A,A,A,A,A,A,A,A,N,A,A,A,G,A,A
JAX00482362,chr4,4975660,T,G,G,G,G,G,G,G,G,G,G,G,G,G,G,G,G,G,T,G,G,G,G,G,G,G,G,G,G,G,G,G,G,G,G,G,G
JAX00090776,chr4,4978903,T,C,C,C,T,C,C,C,C,C,C,C,C,C,C,C,C,C,T,C,C,C,C,C,C,C,C,C,C,C,C,C,C,C,T,C,C
JAX00090777,chr4,4979099,T,T,T,T,T,T,T,T,T,T,T,T,C,T,T,T,T,T,T,T,T,T,T,T,T,T,T,T,T,T,C,T,T,T,T,T,C
JAX00090778,chr4,4979181,N,C,C,C,T,C,C,C,C,C,C,C,T,C,C,C,C,C,T,C,C,C,C,C,C,C,C,C,C,C,T,C,C,C,T,C,C
JAX00215427,chr4,5010114,T,T,T,T,C,T,T,T,T,T,T,T,C,T,T,T,T,T,T,T,T,T,T,T,T,T,T,T,T,T,C,T,T,T,C,T,C
JAX00482364,chr4,5014765,G,T,T,T,T,T,T,T,T,T,T,T,T,T,T,T,T,T,G,T,T,T,T,T,T,T,T,T,T,T,T,T,T,T,T,T,T
JAX00482368,chr4,5015328,G,G,G,G,A,G,G,G,G,G,G,G,G,G,G,G,G,G,G,G,G,G,G,G,G,G,G,G,G,G,G,G,G,G,A,G,G
JAX00482369,chr4,5015542,T,G,G,G,G,G,G,G,G,G,G,G,T,G,G,G,G,G,T,G,G,G,G,G,G,G,G,G,G,G,T,G,G,G,G,G,G
JAX00482371,chr4,5016084,C,C,C,C,C,C,C,C,C,C,C,C,T,C,C,C,C,C,C,C,C,C,C,C,C,C,C,C,C,C,T,C,C,C,C,C,C
JAX00090779,chr4,5019517,T,A,A,A,T,A,A,A,A,A,A,A,T,A,A,A,A,A,T,A,A,A,A,A,A,A,A,A,A,A,T,A,A,A,T,A,A
JAX00482373,chr4,5025674,G,G,G,G,G,G,G,G,G,G,G,G,C,G,G,G,G,G,G,N,G,G,G,G,G,G,G,G,G,G,C,G,G,G,G,G,G
JAX00482374,chr4,5026026,C,C,C,C,C,C,C,C,C,C,C,C,T,C,C,C,C,C,C,C,C,C,C,C,C,C,C,C,C,C,T,C,C,C,C,C,C
JAX00482375,chr4,5046997,G,G,G,G,A,G,G,G,G,G,G,G,A,G,G,G,G,G,G,G,G,G,G,G,G,G,G,G,G,G,A,G,G,G,A,G,A
JAX00482376,chr4,5064881,C,T,T,C,C,T,T,T,T,T,T,T,T,T,C,T,T,T,C,T,T,T,T,T,C,T,T,T,T,T,T,T,T,T,C,T,T
JAX00482377,chr4,5066982,T,C,C,T,C,C,C,C,C,C,C,C,C,C,T,C,C,C,T,C,C,C,C,C,T,C,C,C,C,C,C,C,C,C,T,C,C
JAX00482378,chr4,5067635,A,G,G,A,G,G,G,G,G,G,G,G,G,G,A,G,G,G,A,G,G,G,G,G,A,G,G,G,G,G,G,G,G,G,A,G,N
JAX00090783,chr4,5068713,G,A,A,G,G,A,A,A,A,A,A,A,G,A,G,A,A,A,G,A,A,A,A,A,G,A,A,A,A,A,G,A,A,A,G,A,G
JAX00482380,chr4,5072400,G,T,T,G,T,T,T,T,T,T,T,T,T,T,G,T,T,T,G,T,T,T,T,T,G,T,T,T,T,T,T,T,T,T,G,T,T
JAX00482385,chr4,5074428,G,A,A,A,G,A,A,A,A,A,A,A,N,A,A,A,A,A,G,A,A,A,A,A,A,A,A,A,A,A,N,A,A,A,A,A,G
JAX00482388,chr4,5078988,T,T,T,T,C,T,T,T,T,T,T,T,C,T,T,T,T,T,T,N,T,T,T,T,T,T,T,T,T,T,C,T,T,T,T,T,T
